writeWord	candidatWord	fauteOrtographe
bicarbonates de sodium	bicarbonate de sodium	1
metformie	metformine	1
ibuprofen	ibuprofene	1
escitaloprem	escitalopram	1
prochaine	procaine	0
seretid	seretide	1
metformin	metformine	1
previskan	previscan	1
kargdegic	kardegic	1
mementine	memantine	1
cokensen	cokenzen	1
simbriza	simbrinza	1
efflexor	effexor	1
cimbalta	cymbalta	1
termine	terpine	0
pramipexol	pramipexole	1
forlex	forlax	1
pravastatsine	pravastatine	1
karegic	kardegic	1
adancar	adancor	1
covensyl	coversyl	1
perindoprol	perindopril	1
taerg	tareg	1
ardegic	kardegic	1
buspironne	buspirone	1
claritine	clarityne	1
prevsican	previscan	1
avanys	avamys	1
calciprat vitamine d	calciprat vitamine d3	1
cybalta	cymbalta	1
monorpost	monoprost	1
crestorr	crestor	1
progabaline	pregabaline	1
reminil	reminyl	1
ziloric	zyloric	1
spirova	spiriva	1
ridedronate	risedronate	1
bitildiem	bi tildiem	1
tergretol	tegretol	1
1 ornithine	l ornithine	1
zloric	zyloric	1
seresti	seresta	1
risodronate	risedronate	1
imovanne	imovane	1
phosphorb	phosphore	0
ecomeprazole	esomeprazole	1
tacadol	takadol	1
hydroclorothiazide	hydrochlorothiazide	1
vidagliptine	vildagliptine	1
nemantine	memantine	1
kardensiel	cardensiel	1
symbicort turbuhaller	symbicort turbuhaler	1
levothrox	levothyrox	1
finastiride	finasteride	1
dogmatic	dogmatil	1
kayexelate	kayexalate	1
gavisco	gaviscon	1
rythmondan	rythmodan	1
lederfoldine	lederfoline	1
coumadin	coumadine	1
tamsulozine	tamsulosine	1
tandenan	tadenan	1
eupresyl	eupressyl	1
hsitidine	histidine	1
fludindione	fluindione	1
c arvedilol	carvedilol	1
colmetec	coolmetec	1
zyma d	zymad	1
duphalace	duphalac	1
hydrochlorotiazide	hydrochlorothiazide	1
permixion	permixon	1
disccotrine	discotrine	1
allourinol	allopurinol	1
karaya	karayal	0
trivasatal	trivastal	1
teresta	seresta	0
saxaglipine	saxagliptine	1
allium	gallium	0
xarleto	xarelto	1
decapetyl	decapeptyl	1
furosimide	furosemide	1
fleciane	flecaine	1
seropam	seropram	1
dorzolamide timolol	dorzolamide timolol	1
vesicar	vesicare	1
amlopdipine	amlodipine	1
parkinan	parkinane	1
dolirpane	doliprane	1
sertaline	sertraline	1
esomeprazol	esomeprazole	1
atorvasatine	atorvastatine	1
seropex	seroplex	1
inovane	imovane	1
tardferon	tardyferon	1
kardeic	kardegic	1
valtarene	voltarene	1
galanatamine	galantamine	1
sitalgliptine	sitagliptine	1
oxybutinine	oxybutynine	1
altizid	altizide	1
nibivolol	nebivolol	1
rosuvasvtatine	rosuvastatine	1
beclomethasone	beclometasone	1
lacifluid	lacrifluid	1
exalon	exelon	1
levoothyrox	levothyrox	1
ruilmenidine	rilmenidine	1
metfocrmine	metformine	1
tusidane	tussidane	1
reuvela	renvela	1
vesigare	vesicare	1
fenofibrates	fenofibrate	1
mesoprolol	metoprolol	1
oxnormoro	oxynormoro	1
irbesartan hydrochlorothizaide	irbesartan hydrochlorothiazide	1
nerisone 1	nerisone c	0
rychmodan	rythmodan	1
trinitine	trinitrine	1
pravastatin	pravastatine	1
pantoprazol	pantoprazole	1
naftidroduryl	naftidrofuryl	1
innovaire	innovair	1
panoprazole	pantoprazole	1
inspira	inspra	1
zolpidiem	zolpidem	1
dimaicron	diamicron	1
zolipidem	zolpidem	1
tardyferon b	tardyferon b9	1
ritmenidine	rilmenidine	1
imexium	inexium	1
mixonidine	moxonidine	1
ranipril	ramipril	1
omeprazone	omeprazole	1
simvarstatine	simvastatine	1
odrick	odrik	1
ripaglinide	repaglinide	1
venlaflaxine	venlafaxine	1
ranvela	renvela	1
kadegic	kardegic	1
risperdidone	risperidone	1
pertasa	pentasa	1
pvalone	pivalone	1
pernixon	permixon	1
dforlax	forlax	1
cetornon	cetornan	1
celirprolol	celiprolol	1
warafarine	warfarine	1
diprozone	diprosone	1
ganuvia	januvia	1
meteoxan	meteoxane	1
co kenzen	cokenzen	1
levothryroxine	levothyroxine	1
lysenxia	lysanxia	1
trilpetal	trileptal	1
levotyrox	levothyrox	1
temest	temesta	1
aloprazolam	loprazolam	0
doliplrane	doliprane	1
tardiferon	tardyferon	1
theralithe	teralithe	1
candesartant	candesartan	1
glimepride	glimepiride	1
amplor	amlor	1
allopurionl	allopurinol	1
laxilix	lasilix	1
alfozosine	alfuzosine	1
azilec	azilect	1
masilez	rasilez	1
vanlafaxine	venlafaxine	1
bactrium	bactrim	1
azylect	azilect	1
alprazolame	alprazolam	1
dexerl	dexeryl	1
alprazolamn	alprazolam	1
travastan	travatan	1
tramdol	tramadol	1
forsamax	fosamax	1
rifampicyne	rifampicine	1
axelor	axeler	1
tramsulosine	tamsulosine	1
hycantin	hycamtin	1
bricanil	bricanyl	1
lerca	lercan	0
doneprezil	donepezil	1
silondyx	silodyx	1
proenid	profenid	1
tardyferol	tardyferon	1
micardis plus	micardisplus	1
amiodrone	amiodarone	1
piportil l 4	piportil l4	1
levorhyrox	levothyrox	1
dolipranee	doliprane	1
coatreg	cotareg	1
valsartant	valsartan	1
uvedos	uvedose	1
levotyhroxine	levothyroxine	1
mycardis	micardis	1
liptrozet	liptruzet	1
bromazepan	bromazepam	1
lamotrigin	lamotrigine	1
tandolapril	trandolapril	1
atrapid	actrapid	1
innexium	inexium	1
leris	ceris	1
tanganyl	tanganil	1
micropakie	micropakine	1
micropakin	micropakine	1
mirtazipine	mirtazapine	1
hept a mil	hept a myl	1
gabapentin	gabapentine	1
lansoprazol	lansoprazole	1
levodopa benseraside	levodopa benserazide	1
paclitaxol	paclitaxel	1
vlsartan	valsartan	1
omacon	omacor	1
tamsilosine	tamsulosine	1
mitrazapine	mirtazapine	1
esomaprazole	esomeprazole	1
zolpiderm	zolpidem	1
liptanthyl	lipanthyl	1
l cystine	l cystine	1
cospt	cosopt	1
pregalbaline	pregabaline	1
coversyll	coversyl	1
nizisco	nisisco	1
xalacome	xalacom	1
cozaal	cozaar	0
fortimel	fortigel	0
furose mide	furosemide	1
calcium vitamine d	calcium vitamine d3	1
tamsulosin	tamsulosine	1
epidra	apidra	1
vitamine d 3	vitamine d3	1
hydrochlorthiazide	hydrochlorothiazide	1
advgraf	advagraf	1
tadenam	tadenan	1
cortencyl	cortancyl	1
travastatine	pravastatine	1
epinitryl	epinitril	1
oxicodone	oxycodone	1
sinimet	sinemet	1
beta histine	betahistine	1
gavison	gaviscon	1
teralene	theralene	1
renon	xenon	0
immovane	imovane	1
rapeprazole	rabeprazole	1
xelelia	xelevia	1
calperos d 3	calperos d3	1
lalmictal	lamictal	1
metoclopramid	metoclopramide	1
tahors	tahor	1
certivan	certican	1
singular	singulair	1
avodar	avodart	1
lasilix speial	lasilix special	1
neuro	neupro	0
aerus	aerius	1
vogalen	vogalene	1
fumarer	fumafer	1
doliporane	doliprane	1
modoar	modopar	1
mucomyste	mucomyst	1
timol	stimol	0
anuvia	januvia	1
cortancl	cortancyl	1
tranquitale	tranquital	1
naproxen	naproxene	1
servent	serevent	1
yzaar	hyzaar	1
pantoprozole	pantoprazole	1
prevastatine	pravastatine	1
magrogol	macrogol	1
aeris	aerius	1
imopvane	imovane	1
zestryl	zestril	1
inexiuum	inexium	1
sinmet	sinemet	1
thyrosol	thyrozol	1
lansoprozole	lansoprazole	1
verlone	kerlone	1
co olmetec	coolmetec	1
tanganile	tanganil	1
hemi daonil	hemi daonil	1
cetirizime	cetirizine	1
escitalopnam	escitalopram	1
zopliclone	zopiclone	1
diclofena	diclofenac	1
endrocur	androcur	1
actiscenan	actiskenan	1
rilmenedine	rilmenidine	1
transpeg	transipeg	1
lisinopril hydrochlorothiazide	lisinopril hydrochlorothiazide	1
furadil	foradil	1
movilol	movicol	1
stinox	stilnox	1
myzollen	mizollen	1
dexereyl	dexeryl	1
hei daonil	hemi daonil	1
vsicare	vesicare	1
piportil l	piportil l4	1
amlon	amlor	1
xtardi	xtandi	1
sulfarlme	sulfarlem	1
zolpiden	zolpidem	1
xaral	xatral	1
kerdegic	kardegic	1
omeoprazole	omeprazole	1
coradrone	cordarone	1
valsartan hydrochlorothiazide	valsartan hydrochlorothiazide	1
coversil	coversyl	1
latanoprost timolol	latanoprost timolol	1
propanolol	propranolol	1
simtrom	sintrom	1
vitamine d	vitamine d3	0
vitamine b	vitamine b1	0
lerca press	lercapress	1
isomeprazole	esomeprazole	1
diclofenal	diclofenac	1
pentoprazole	pantoprazole	1
atenlol	atenolol	1
ezomeprazole	esomeprazole	1
valsarthan	valsartan	1
pregabalin	pregabaline	1
crestot	crestor	1
crestos	crestor	1
pantaprazole	pantoprazole	1
verapamyl	verapamil	1
coversam	coveram	1
cardegic	kardegic	1
probinyl	prokinyl	1
coversal	coversyl	1
zofenil duo	zofenilduo	1
simvastaine	simvastatine	1
structom	structum	1
duree	uree	0
kaneurona	kaneuron	1
stillnox	stilnox	1
pravasatatine	pravastatine	1
nasocort	nasacort	1
tahon	tahor	1
cardentiel	cardensiel	1
septinon	septivon	1
metfomrine	metformine	1
mandipine	manidipine	1
inexum	inexium	1
inipompe	inipomp	1
inegys	inegy	1
triptane	driptane	0
de lysine	dl lysine	1
alendronique acide	alendronique acide	1
topiaz	toviaz	1
nisico	nisisco	1
kertone	kerlone	1
daonel	daonil	1
singulaire	singulair	1
nspra	inspra	1
lectol	lectil	1
incapamide	indapamide	1
ezeterol	ezetrol	1
eurpressyl	eupressyl	1
gliglazide	gliclazide	1
sreoplex	seroplex	1
acetyleucine	acetylleucine	1
pritor plus	pritorplus	1
hemigoxinenativelle	hemigoxine nativelle	1
aliquis	eliquis	1
brinzolamine	brinzolamide	1
triaetc	triatec	1
spectral	sectral	0
lecan	lercan	1
tamanic	tavanic	1
floxetine	fluoxetine	1
kleanprep	klean prep	1
hydrocostisone	hydrocortisone	1
duoxetine	duloxetine	1
norcet	norset	1
trimeutine	trimebutine	1
ramipriel	ramipril	1
augmetin	augmentin	1
aspirine protec	aspirine protect	1
ezetimide	ezetimibe	1
tanguanil	tanganil	1
pagulax	spagulax	1
avarga	azarga	1
ibufeteum	ibufetum	1
malaxose	melaxose	1
actisouffre	actisoufre	1
daonyl	daonil	1
ceterizine	cetirizine	1
adeluric	adenuric	1
ramiplex	raniplex	1
innovaire nexthaler	innovair nexthaler	1
spiruva	spiriva	1
larmaback	larmabak	1
modapar	modopar	1
hemidaonil	hemi daonil	1
elliquis	eliquis	1
avlane	havlane	1
ipatropium	ipratropium	1
perindoril	perindopril	1
risperdone	risperidone	1
ultravlevure	ultra levure	1
pravstatine	pravastatine	1
dafalagan	dafalgan	1
atorvastatin	atorvastatine	1
fenolibrate	fenofibrate	1
ceresta	seresta	1
doloprane	doliprane	1
rampipril	ramipril	1
eupantool	eupantol	1
gavisco n	gaviscon	1
advil gel	advilgel	1
daffalgan	dafalgan	1
cardensile	cardensiel	1
silodisine	silodosine	1
discotrime	discotrine	1
lorcan	lercan	1
kardegfic	kardegic	1
ispra	inspra	1
diifu k	diffu k	1
lecanidipine	lercanidipine	1
femera	femara	1
xatrl	xatral	1
renagal	renagel	1
hexacyl	exacyl	1
durant	edurant	0
decapeptil	decapeptyl	1
muvicol	movicol	1
bi preterax	bipreterax	1
esoneprazole	esomeprazole	1
cystine b 6	cystine b6	1
lazilix	lasilix	1
umulin	umuline	1
duphala	duphalac	1
fozaar	cozaar	0
atrovance	adrovance	1
axiler	axeler	1
clopilogrel	clopidogrel	1
cardensier	cardensiel	1
trimebuctine	trimebutine	1
rasiles	rasilez	1
sortie	ortie	0
ropinirol	ropinirole	1
humuline	umuline	1
fyurosemide	furosemide	1
unalfa	un alfa	1
gluclazide	gliclazide	1
perindopril arginine indapamide	perindopril arginine indapamide	1
neurotin	neurontin	1
bataserc	betaserc	1
januva	januvia	1
nicardis	micardis	1
zopicone	zopiclone	1
tardgferon	tardyferon	1
norvonorm	novonorm	1
aldactne	aldactone	1
detentiel	detensiel	1
arvedilol	carvedilol	1
aldacton	aldactone	1
alpazolam	alprazolam	1
macrogrol	macrogol	1
beotide	becotide	1
pantoprzole	pantoprazole	1
colecalcoferol	colecalciferol	1
specialfoldine	speciafoldine	1
glimepriride	glimepiride	1
crestror	crestor	1
racecaditril	racecadotril	1
acide acetylsalicyclique	acide acetylsalicylique	1
cacit vitamine d	cacit vitamine d3	1
janulet	janumet	1
anastozole	anastrozole	1
cifox	ciflox	1
d ornithine	l ornithine	0
aspiribne	aspirine	1
doiprane	doliprane	1
perindoril arginine	perindopril arginine	1
montelucast	montelukast	1
inovair	innovair	1
tirofan	tiorfan	1
ibefetum	ibufetum	1
ibufetyum	ibufetum	1
isalgi	izalgi	1
azitrhomycine	azithromycine	1
nerontin	neurontin	1
bipreteax	bipreterax	1
eupressil	eupressyl	1
ricmenidine	rilmenidine	1
prestol	prestole	0
lipanthil	lipanthyl	1
lexomyl	lexomil	1
candersartan	candesartan	1
kardgic	kardegic	1
pradaxxa	pradaxa	1
belursan	delursan	1
esomemprazole	esomeprazole	1
sevkar	sevikar	1
ramipiril	ramipril	1
bisoprolo	bisoprolol	1
grippal	agrippal	0
amprazolam	alprazolam	1
dramicron	diamicron	1
gabapoentine	gabapentine	1
entorcort	entocort	1
xyzal	xyzall	1
zymod	zymad	1
seropplex	seroplex	1
cadesartan	candesartan	1
aacand	atacand	1
diffuk	diffu k	1
carbsymag	carbosymag	1
coumafine	coumadine	1
total	aotal	0
alprazomam	alprazolam	1
prazoline	prazosine	1
lonazepam	clonazepam	1
alprazolal	alprazolam	1
dphalac	duphalac	1
levithyrox	levothyrox	1
semopram	seropram	1
temeric	temerit	1
hemi daonyl	hemi daonil	1
levothyroxyne	levothyroxine	1
lysamxia	lysanxia	1
valsartan hydrochlorotiazide	valsartan hydrochlorothiazide	1
permixan	permixon	1
diffus k	diffu k	1
diabete	diabene	0
parac	para	0
neomercazole	neo mercazole	1
risperdal oro	risperdaloro	1
natrixan	natrixam	1
tamsuloline	tamsulosine	1
discortine	discotrine	1
alfluzosine	alfuzosine	1
fentanhyl	fentanyl	1
ramirpil	ramipril	1
parie	pariet	0
raison	raisin	0
lasilix sepcial	lasilix special	1
esiprex	esidrex	0
ondensetron	ondansetron	1
spasfond lyoc	spasfon lyoc	1
eucras	eucreas	1
zolpridem	zolpidem	1
tomadex	tomudex	0
celuprolol	celiprolol	1
debrida	debridat	1
alprazolma	alprazolam	1
tadyferon	tardyferon	1
ebivolol	nebivolol	1
serestya	seresta	1
apnovel	aprovel	1
risperadal	risperdal	1
piperacilline tazobactam	piperacilline tazobactam	1
kardejic	kardegic	1
prasaxa	pradaxa	1
approvel	aprovel	1
castrex	cartrex	1
cronoglicate de sodium	cromoglicate de sodium	1
moduredic	moduretic	1
exforgfe	exforge	1
oxycondone	oxycodone	1
lamoxyl	laroxyl	0
doliprne	doliprane	1
benseraside	benserazide	1
citalopran	citalopram	1
dolipane	doliprane	1
triactec	triatec	1
azilzct	azilect	1
domperodone	domperidone	1
atrovastatine	atorvastatine	1
tenordale	tenordate	1
lestoretic	zestoretic	1
econazol	econazole	1
levothtyrox	levothyrox	1
glibenclaminde	glibenclamide	1
pritoplus	pritorplus	1
omeprazol	omeprazole	1
disoctrine	discotrine	1
tahhor	tahor	1
rouvastatine	rosuvastatine	1
xygall	xyzall	1
allopuridol	allopurinol	1
lanxor	lanzor	1
perindpril	perindopril	1
inhovair	innovair	1
stajid	stagid	1
levohyrox	levothyrox	1
ibesartan	irbesartan	1
trinitriane	trinitrine	1
fluidione	fluindione	1
almor	amlor	1
noctemide	noctamide	1
eletrol	ezetrol	1
eztimibe	ezetimibe	1
flucticasone	fluticasone	1
sinvastatine	simvastatine	1
calciul	calcium	0
dolipran	doliprane	1
acide calvulanique	acide clavulanique	1
bioce	bisoce	1
fluxotide diskus	flixotide diskus	1
aripriprazole	aripiprazole	1
rorex	rozex	1
miscardis	micardis	1
urotec	urorec	0
priori	priorix	0
symbicort thurbuhaler	symbicort turbuhaler	1
zetrol	ezetrol	1
defalgan	dafalgan	1
acid folique	acide folique	1
oxoglurate d ornithine	oxoglurate d ornithine	1
meditensyl	mediatensyl	1
kardeigc	kardegic	1
1 arginine	l arginine	0
sebirprox	sebiprox	1
passiflora	passiflore	1
passiflor	passiflore	1
betamethosone	betamethasone	1
versatin	versatis	1
propymex	propylex	1
timeferol	timoferol	1
voltarene emugel	voltarene emulgel	1
actskenan	actiskenan	1
eductl	eductyl	1
alfuzozine	alfuzosine	1
seritide	seretide	1
sresta	seresta	1
dacryosreum	dacryoserum	1
lamalline	lamaline	1
sesresta	seresta	1
prophylex	propylex	1
lamalaine	lamaline	1
lanzoprazole	lansoprazole	1
imovame	imovane	1
evpressyl	eupressyl	1
okinus	okimus	1
privastatine	pravastatine	1
parlet	pariet	1
fenfibrate	fenofibrate	1
macrogel	macrogol	0
artorvastatine	atorvastatine	1
pentaza	pentasa	1
spesiafoldine	speciafoldine	1
itacand	atacand	1
phluroglucinol	phloroglucinol	1
tahior	tahor	1
nebivolo	nebivolol	1
versatys	versatis	1
metoprocol	metoprolol	1
adenurix	adenuric	1
adenuril	adenuric	1
cordarne	cordarone	1
adenurie	adenuric	1
cymbalata	cymbalta	1
amoxi	aloxi	0
sresam	stresam	1
irbsartan	irbesartan	1
ma ve	mauve	0
inoral	inorial	0
ixforge	exforge	1
trivasta	trivastal	1
previsacn	previscan	1
perindorpil	perindopril	1
co aprovel	coaprovel	1
coaproxel	coaprovel	1
calecalciferol	colecalciferol	1
amolr	amlor	1
oxyform	oxynorm	0
silodix	silodyx	1
mediatansyl	mediatensyl	1
zolipdem	zolpidem	1
twinsta	twynsta	1
flacon	flucon	0
candesartan hydrochlorothiazide	candesartan hydrochlorothiazide	1
kargegic	kardegic	1
dacudose s	dacudoses	1
spasfonn lyoc	spasfon lyoc	1
befizol	befizal	0
seoplex	seroplex	1
surmentil	surmontil	1
movorapid	novorapid	1
alteis duo	alteisduo	1
aridra	apidra	1
choleclciferol	cholecalciferol	1
parecetamol	paracetamol	1
minaserine	mianserine	1
mini sintrom	minisintrom	1
levothyrx	levothyrox	1
venlafaxin	venlafaxine	1
bicarbonnate de sodium	bicarbonate de sodium	1
calcit	cacit	0
srtuctoflex	structoflex	1
methotrexat	methotrexate	1
efferalgant	efferalgan	1
ecitalopram	escitalopram	1
aldactasine	aldactazine	1
termerit	temerit	1
forsavance	fosavance	1
escitalorram	escitalopram	1
dafagan	dafalgan	1
cacitd	cacit	1
losartan hydrochlorothiazide	losartan hydrochlorothiazide	1
predinsone	prednisone	1
hdroxycarbamide	hydroxycarbamide	1
tamadol	tramadol	1
gingko	ginkgo	1
androcure	androcur	1
aprazolam	alprazolam	1
kepra	keppra	1
lacryfluid	lacrifluid	1
valsaratan	valsartan	1
ditroptan	ditropan	1
cromadose	cromadoses	1
primperajn	primperan	1
coareg	cotareg	1
coradarone	cordarone	1
amtriptyline	amitriptyline	1
prodaxa	pradaxa	1
rabeprozole	rabeprazole	1
paraceramol	paracetamol	1
cacid	cacit	0
alopurinol	allopurinol	1
kepprac	keppra	1
stressam	stresam	1
voltaren	voltarene	1
netispray	natispray	1
ultra levure	ultra levure	1
seliprolol	celiprolol	1
irbesartan hydrochlorothiazide	irbesartan hydrochlorothiazide	1
talidomide	thalidomide	1
spironolacton	spironolactone	1
letrazole	letrozole	1
aldonet	aldomet	1
vlasartan	valsartan	1
uverdose	uvedose	1
rsikali	resikali	1
endothelon	endotelon	1
micardiplus	micardisplus	1
trimebuitine	trimebutine	1
josie	josir	0
zolaam	xolaam	1
proceralan	procoralan	1
ltanoprost	latanoprost	1
difu k	diffu k	1
uroreg	urorec	1
urorek	urorec	1
adebnuric	adenuric	1
orocald	orocal	1
glycerol vaseline paraffine	glycerol vaseline paraffine	1
tenofibrate	fenofibrate	1
hydroxzine	hydroxyzine	1
eztrol	ezetrol	1
sotalax	sotalex	1
propranonlol	propranolol	1
kardegtic	kardegic	1
dihydan	di hydan	1
ixrim	ixprim	1
lintrom	sintrom	1
lamical	lamictal	1
lansosyl framboise	lansoyl framboise	1
perendopril	perindopril	1
dacudose	dacudoses	1
leothyrox	levothyrox	1
meteospamyl	meteospasmyl	1
pantopranzole	pantoprazole	1
fluxotide	flixotide	1
tansulosine	tamsulosine	1
amiodaronne	amiodarone	1
stresan	stresam	1
abilifay	abilify	1
tardyferonb 9	tardyferon b9	1
zopivlone	zopiclone	1
oxynorm oro	oxynormoro	1
perindopril arginine amlodipine	perindopril arginine amlodipine	1
ipenten	iperten	1
ikurel	ikorel	1
betanistine	betahistine	1
sercan	lercan	0
macrogole	macrogol	1
meteospasmil	meteospasmyl	1
timopol	timolol	1
aspririne	aspirine	1
indaapamide	indapamide	1
kombigan	combigan	1
kardegix	kardegic	1
kardegig	kardegic	1
kardegik	kardegic	1
aspiribne protect	aspirine protect	1
eductil	eductyl	1
imovan	imovane	1
servesta	seresta	1
nasancort	nasacort	1
inxium	inexium	1
epleronone	eplerenone	1
fuicidine	fucidine	1
spafson	spasfon	1
glyvec	glivec	1
ferofibrate	fenofibrate	1
spansfon	spasfon	1
amlodinpine	amlodipine	1
alpraxolam	alprazolam	1
esctalopram	escitalopram	1
fusithalmic	fucithalmic	1
cebutolol	acebutolol	1
esomeprasole	esomeprazole	1
telmisartan hydrochlorothiazide	telmisartan hydrochlorothiazide	1
cortansyl	cortancyl	1
perindopril indapamide	perindopril indapamide	1
oraciline	oracilline	1
lisuinopril	lisinopril	1
naftidofuryl	naftidrofuryl	1
atornastatine	atorvastatine	1
biprofenid	bi profenid	1
secctral	sectral	1
cenis	ceris	1
cefixim	cefixime	1
cifrol	sifrol	1
formeterol	formoterol	1
peeiactine	periactine	1
amcor	amlor	1
acoupan	acupan	1
atovastatine	atorvastatine	1
atoravastatine	atorvastatine	1
piperaciline	piperacilline	1
transdate	trandate	1
furoszemide	furosemide	1
amlodipinec	amlodipine	1
novrapid	novorapid	1
temerit duo	temeritduo	1
bisorpolol	bisoprolol	1
vitalo gink	vitalogink	1
candasartan	candesartan	1
cetrizine	cetirizine	1
tarex	tareg	1
dalfalgan	dafalgan	1
pimperan	primperan	1
zoxar	zoxan	1
provastatine	pravastatine	1
kensen	kenzen	1
isorythme	isorythm	1
flucidine	fucidine	1
elquis	eliquis	1
sulfarcem	sulfarlem	1
corenitec	co renitec	1
certirizine	cetirizine	1
cystine b	cystine b6	1
zeymad	zymad	1
montelulast	montelukast	1
magne b 6	magne b6	1
omperazole	omeprazole	1
fazol 2	fazol g	0
dracryoserum	dacryoserum	1
alprezolam	alprazolam	1
monicar	monicor	1
spironolatone	spironolactone	1
antaren	antarene	1
aorvastatine	atorvastatine	1
rispedal	risperdal	1
urogec	urorec	1
ogastroro	ogastoro	1
neotropyl	nootropyl	1
athor	tahor	0
citaloprami	citalopram	1
amlodipines	amlodipine	1
calcidose 400	calcidose 500	1
prostate	prostatep	0
flurosemide	furosemide	1
amlodipine valsartan	amlodipine valsartan	1
livothyrox	levothyrox	1
stilrox	stilnox	1
polymixine b	polymyxine b	1
soduim	sodium	1
losartan hydrochlorthiazide	losartan hydrochlorothiazide	1
alaprazolam	alprazolam	1
donormil	donormyl	1
trosphipharm	trospipharm	1
amlodipinne	amlodipine	1
aspririne protect	aspirine protect	1
borax acide borique	borax acide borique	1
impotal	importal	1
methoject	metoject	1
acide fucidique	acide fusidique	1
thiocolchitoside	thiocolchicoside	1
cazaar	cozaar	1
escitalpram	escitalopram	1
sodium chlorure 0	sodium chlorure a	1
divin	divina	0
presviscan	previscan	1
exelor	exelon	0
selectol	celectol	1
valsartran	valsartan	1
bisorprolol	bisoprolol	1
avdart	avodart	1
uro rec	urorec	1
txynsta	twynsta	1
excitalopram	escitalopram	1
stylnox	stilnox	1
rabeprazol	rabeprazole	1
furosemid	furosemide	1
furosemie	furosemide	1
magne b	magne b6	1
pantopazole	pantoprazole	1
perindropril	perindopril	1
venlafoxine	venlafaxine	1
macriogol	macrogol	1
lercandipine	lercanidipine	1
devridat	debridat	1
helcidine	helicidine	1
stolnox	stilnox	1
amidarone	amiodarone	1
levothryrox	levothyrox	1
dafalgancodeine	dafalgan codeine	1
temeitduo	temeritduo	1
glybenclamide	glibenclamide	1
lubantyl	lubentyl	1
dafakgan	dafalgan	1
nicoramdil	nicorandil	1
innhovair	innovair	1
adenolol	atenolol	1
kaleiorid	kaleorid	1
acethylleucine	acetylleucine	1
ketoprofen	ketoprofene	1
chocurso	cholurso	1
esoeprazole	esomeprazole	1
locereyl	loceryl	1
mogral	mopral	1
lthyroxine	l thyroxine	1
mildiac	mildac	1
cordaronne	cordarone	1
lerindopril	perindopril	1
coveran	coveram	1
montilukast	montelukast	1
chibro proscar	chibro proscar	1
imipomp	inipomp	1
vesicane	vesicare	1
venlafaxibne	venlafaxine	1
cediprolol	celiprolol	1
vesicale	vesicare	1
vesicame	vesicare	1
nebicolol	nebivolol	1
fanpyra	fampyra	1
abodart	avodart	1
temrit	temerit	1
soduim chlorure	sodium chlorure	1
timaferol	timoferol	1
ogast oro	ogastoro	1
paroxertine	paroxetine	1
streasam	stresam	1
pantorazole	pantoprazole	1
escitalopam	escitalopram	1
clarithyne	clarityne	1
levothyror	levothyrox	1
terazosin	terazosine	1
prabastatine	pravastatine	1
nicormandil	nicorandil	1
rasagliline	rasagiline	1
repaglinidie	repaglinide	1
pelodipine	felodipine	1
januuia	januvia	1
levocetirinine	levocetirizine	1
tardyderon	tardyferon	1
sintron	sintrom	1
glimeperide	glimepiride	1
un alfa	un alfa	1
omepreazole	omeprazole	1
hydroxizine	hydroxyzine	1
orset	norset	1
seciafoldine	speciafoldine	1
regabaline	pregabaline	1
vostarel	vastarel	1
torfan	tiorfan	1
monotildiem	mono tildiem	1
fozite	fozitec	1
a cebutolol	acebutolol	1
prozepam	prazepam	1
flexctor	flector	1
airmoir	airomir	1
pantacarinat	pentacarinat	1
tramadol paracetamol	tramadol paracetamol	1
esdirex	esidrex	1
spirira	spiriva	1
vildaglipine	vildagliptine	1
tanacan	tanakan	1
civastatine	cilastatine	0
moduodal	modiodal	1
surfarlem	sulfarlem	1
tedenan	tadenan	1
di hydan	di hydan	1
lyusanxia	lysanxia	1
cardesartan	candesartan	1
amlodpine	amlodipine	1
lzvothyrox	levothyrox	1
eupentol	eupantol	1
klippal codeine	klipal codeine	1
ogasa	ogast	1
gliaclazide	gliclazide	1
premixon	permixon	1
diuarius	divarius	1
tanakanx	tanakan	1
hydrochlorothizaide	hydrochlorothiazide	1
aproval	aprovel	1
etrex	eprex	1
nebuvolol	nebivolol	1
orocal vitamine d	orocal vitamine d3	1
silnox	stilnox	1
carbodopa	carbidopa	1
proterax	preterax	1
dsulfarlem	sulfarlem	1
ercanidipine	lercanidipine	1
xerelto	xarelto	1
zandip	zanidip	1
humalo	humalog	1
deamide	depamide	1
lasilxi	lasilix	1
karfegic	kardegic	1
biscoce	bisoce	1
izalgy	izalgi	1
rabeprezole	rabeprazole	1
lasilic	lasilix	1
ceroplex	seroplex	1
alfusosine	alfuzosine	1
poly karaya	poly karaya	1
psyllia	psylia	1
modoplar	modopar	1
movical	movicol	1
gel x	gelox	1
chibroproscar	chibro proscar	1
piperaciline tazobactam	piperacilline tazobactam	1
loreazepam	lorazepam	1
novo rapid	novorapid	1
atacan	atacand	1
micarbis	micardis	1
bidoprolol	bisoprolol	1
tarakan	tanakan	1
senetide	seretide	1
loprestor	lopressor	1
lactinol	lactitol	1
desloratidine	desloratadine	1
spasfond	spasfon	1
spasfonn	spasfon	1
nexium	inexium	1
lasilyx	lasilix	1
durogesie	durogesic	1
neo marcazole	neo mercazole	1
antaren codeine	antarene codeine	1
bisprolol	bisoprolol	1
kesin	kestin	1
topelgic	topalgic	1
irbersartan	irbesartan	1
esumeprazole	esomeprazole	1
prevican	previscan	1
furozemide	furosemide	1
rimipril	ramipril	1
tardyferon b 9	tardyferon b9	1
lactalose	lactulose	0
fixicald	fixical	1
levocitirizine	levocetirizine	1
chibro poscar	chibro proscar	1
courmadine	coumadine	1
efexor	effexor	1
eupanthol	eupantol	1
tardyferonb	tardyferon	1
oracal	orocal	1
zamudolp	zamudol	1
bilasca	bilaska	1
acetylsalicilique	acetylsalicylique	0
hemato	hepato	0
vitamined	vitamine	0
abiven	kabiven	0
acethyl	acetyl	0
acabutolol	acebutolol	1
aciclocvir	aciclovir	1
acidde	acide	1
acidees	acides	1
acido	acide	0
acidse	acide	0
acitive	active	1
acktiskenan	actiskenan	1
acmee	actee	0
acnee	actee	0
acool	alcool	1
actenel	actonel	1
acticite	activite	1
actine	active	0
actino	action	0
actinomycine	dactinomycine	0
actisknan	actiskenan	1
activa	active	0
activee	active	0
activitee	activite	1
adalimumanb	adalimumab	1
adalimumuab	adalimumab	1
adoma	aroma	0
adrenalinee	adrenaline	0
adrenalinees	adrenalinee	1
adrenalines	adrenalinee	0
adrenalione	adrenaline	1
adrenline	adrenaline	1
adrygyl	adrigyl	1
adults	adultes	1
advodart	avodart	1
aeirus	aerius	1
aerique	afrique	0
aeromir	airomir	1
cortisol	cortisal	0
aetoxysclerol	aetoxisclerol	1
affinitor	afinitor	1
agmentin	augmentin	1
agumentin	augmentin	1
agrume	agrumes	1
ailleur	tailleur	0
ainis	anis	0
akineto	akineton	0
aktiskenan	actiskenan	1
aladalix	aldalix	1
albulmine	albumine	1
albumines	albumine	1
alccol	alcool	1
albugine	albumine	0
albumino	albumine	0
alcide	almide	0
alcoll	alcool	1
alcolo	alcool	0
aldactzine	aldactazine	1
aldapa	aldara	1
alendroante	alendronate	1
alena	avena	0
alexi	aloxi	0
alfacalcidiol	alfacalcidol	1
alfatyl	alfatil	1
alexia	palexia	0
aline	valine	0
alldactone	aldactone	1
allergies	allergie	1
allergiques	allergique	1
allergne	allergie	0
alloplastine	aloplastine	1
almogram	almogran	1
alopt	azopt	0
alprozolam	alprazolam	1
altizine	altizide	1
alvocardyl	avlocardyl	1
ambulattoire	ambulatoire	1
ambulatoires	ambulatoire	1
amico	amino	0
amicor	amycor	1
aloha	alpha	0
aloys	aloes	0
amiel	miel	0
amigo	amino	0
amikacin	amikacine	1
amilor	amlor	1
amina	amino	0
amine	amino	0
amisulpiride	amisulpride	1
ammoniaps	ammonaps	1
amodipine	amlodipine	1
amnio	amino	0
amonaps	ammonaps	1
amoxcicilline	amoxicilline	1
amoxiciclline	amoxicilline	1
amoxiciline	amoxicilline	1
amoxicillnie	amoxicilline	1
amoxycilline	amoxicilline	1
amylose	amylase	0
anafranyl	anafranil	1
anais	anis	0
anass	anas	0
alois	aloes	0
alves	aloes	0
anays	anas	0
ancontil	ancotil	1
andoxan	endoxan	1
androcardyl	androtardyl	1
anemones	anemone	1
angie	angi	0
angio	angi	0
anormale	normale	0
anoxo	anoro	0
antia	anti	0
antid	anti	0
antic	anti	0
antib	anti	0
antigne	antigene	0
antignes	antigenes	0
antih	anti	0
antis	anti	0
antitrypscine	antitrypsine	1
antonel	actonel	0
antro	anoro	0
aomxicilline	amoxicilline	1
apetit	petit	0
apnee	aunee	0
apsegic	aspegic	1
aracetamol	paracetamol	1
aragon	fragon	0
araneps	aranesp	1
arasagiline	rasagiline	1
aremidex	arimidex	1
arena	avena	0
arhex	artex	0
antti	anti	0
arestel	arestal	1
arignine	arginine	1
arimides	arimidex	1
arino	amino	0
arion	urion	0
arlac	arolac	0
aromazine	aromasine	1
aroua	aroma	0
arpagophyton	harpagophyton	1
arrrete	arrete	1
artan	artane	0
artix	artex	0
asais	aspis	0
asnis	anis	0
aspirin	aspirine	1
astro	aspro	0
astral	abstral	0
ataraxa	atarax	1
atarx	atarax	1
atenolo	atenolol	1
ation	action	0
atitre	titre	0
atriovent	atrovent	0
atripal	atripla	1
attane	artane	0
aturgil	aturgyl	1
auche	ache	0
augentin	augmentin	1
augmemtin	augmentin	1
augmengin	augmentin	1
augmenin	augmentin	1
augmenitn	augmentin	1
augmentiin	augmentin	1
augmentina	augmentin	1
aumgentin	augmentin	1
arter	artex	0
augmention	augmentin	0
auney	aunee	0
aunis	anis	0
aureau	sureau	0
aurocularum	auricularum	1
avene	avena	0
avent	avena	0
avenu	avena	0
aveyron	veyron	0
avlocardil	avlocardyl	1
axeller	axeler	1
axepime	axepim	1
azados	azadose	1
azinc	zinc	0
azythromycine	azithromycine	1
bacalutamide	bicalutamide	1
baclofen	baclofene	1
baclofne	baclofene	1
bacrim	bactrim	1
bacteries	bacterie	1
bacterio	bacterie	0
bactim	bactrim	1
baine	laine	0
bakin	dakin	0
ballone	ballote	0
banos	panos	0
barberis	berberis	0
barie	marie	0
basal	nasal	0
basden	basdene	1
baseline	vaseline	1
beata	beta	0
vitamins	vitamine	1
becan	decan	0
bechu	buchu	0
beclometazone	beclometasone	1
belard	belara	0
bellec	belloc	0
bello	belloc	0
bellocq	belloc	0
bellot	belloc	0
benard	bernard	0
bendasmustine	bendamustine	1
benefi	benefix	0
benelix	bedelix	0
beneval	betneval	0
benzoque	benzoique	1
bepanthne	bepanthene	1
bepathene	bepanthene	1
berard	bernard	0
bernand	bernard	0
bernar	bernard	0
bernardy	bernard	0
bernart	bernard	0
bernhard	bernard	0
beroard	bernard	0
besnard	bernard	0
betaadine	betadine	1
betadinee	betadine	1
betadines	betadine	1
betezil	betesil	1
bethadone	methadone	1
bethamethasone	betamethasone	1
bexin	brexin	0
beyta	beta	1
bicarbonat	bicarbonate	1
biele	bile	0
bilel	bile	0
bionolite	bionolyte	1
bisolprolol	bisoprolol	1
bispetine	biseptine	1
bitone	biotone	1
blanco	blanc	0
bnegatif	negatif	0
bochu	buchu	0
bodin	zodin	0
boeuf	oeuf	0
boileau	bouleau	0
boissel	blissel	0
bollen	pollen	0
bordo	boldo	0
botal	aotal	0
boudeau	bouleau	0
boudine	boldine	0
boureau	bouleau	0
bourleau	bouleau	0
bousse	bourse	0
boustrixtetra	boostrixtetra	1
brange	orange	0
branger	oranger	0
brexine	brexin	0
briche	riche	0
bridon	bridion	0
briex	briem	0
brion	urion	0
bromazpam	bromazepam	1
brugere	bruyere	0
brulee	brulex	0
brules	brulex	0
brunier	prunier	0
bruyeres	bruyere	1
brycanyl	bricanyl	1
buchn	buchu	0
buchou	buchu	0
bucolam	buccolam	1
budezonide	budesonide	1
buprenorphines	buprenorphine	1
byeta	beta	0
avarys	avamys	0
cabal	pabal	0
cabomix	carbomix	1
caclium	calcium	1
cadenne	cayenne	0
cadroin	cadron	0
caelix	caelyx	1
caffeine	cafeine	1
cafol	canol	0
caine	laine	0
calcidiose	calcidose	1
calciiparine	calciparine	1
calcinose	calcidose	0
calciu	calcium	0
calens	cadens	0
calmus	calamus	0
calon	colon	0
calune	callune	1
calvyn	calsyn	0
camelia	camilia	0
camillia	camilia	0
camphret	camphre	0
campo	campto	0
candesertan	candesartan	1
candidas	cancidas	0
caneda	canada	0
canis	anis	0
cantre	contre	0
caogulation	coagulation	1
captopirl	captopril	1
carbaglua	carbaglu	1
carbon	charbon	0
carde	cade	0
cardenciel	cardensiel	1
cardensil	cardensiel	1
cardin	carlin	0
cardine	caldine	0
cardon	cadron	0
carie	marie	0
carline	carlin	0
carlyn	carlin	0
carmes	larmes	0
carol	canol	0
carolin	carlin	0
caron	cadron	0
carrus	garrus	0
cartex	artex	0
caseine	cafeine	0
caset	casei	0
caspofungin	caspofungine	1
cassia	cassis	0
cassin	cassis	0
cassius	cassis	0
cassus	cassis	0
cative	active	0
caule	saule	0
ccordarone	cordarone	1
cedee	cedre	0
cefepim	cefepime	1
cefotian	cefotiam	1
ceftaxidime	ceftazidime	1
ceftazidieme	ceftazidime	1
ceftazidim	ceftazidime	1
ceine	reine	0
celastamine	celestamine	1
celccept	cellcept	1
celcept	cellcept	1
celestne	celestene	1
cenac	genac	0
cenon	xenon	0
cereus	cereux	0
cerou	perou	0
certicana	certican	1
ceruse	cerise	0
cetre	cedre	0
chabrin	chagrin	0
chaline	choline	0
chambon	charbon	0
chane	chene	0
chardan	chardon	0
chardon	charbon	0
chardons	chardon	0
chardot	chardon	0
charon	charbon	0
charrin	chagrin	0
charron	charbon	0
charton	charbon	0
chenel	chene	0
chenu	chene	0
cheny	chene	0
cheve	chene	0
cheyne	chene	0
chimene	climene	0
chive	cuive	0
chlarmadinone	chlormadinone	1
chloe	chlore	0
chlorexidine	chlorhexidine	1
chloridrate	chlorydrate	1
chlorurie	chlorure	1
cholesterole	cholesterol	1
cholre	chlore	1
chrne	chene	0
chron	chrono	0
ciclo	cyclo	1
cicloporine	ciclosporine	1
cidex	videx	0
cidre	cire	0
cilloxan	ciloxan	1
cilosan	ciloxan	1
ciloxana	ciloxan	1
cimevan	cymevan	1
ciprofoxacine	ciprofloxacine	1
ciprolan	cipralan	0
circaden	circadin	0
ciron	citron	0
cisatracrium	cisatracurium	1
citalorpam	citalopram	1
citras	citral	0
citratee	citrate	1
citrin	citron	0
citruilline	citrulline	1
citruline	citrulline	1
gentamycine	gentamicine	1
clairig	clairyg	1
clamoxil	clamoxyl	1
clamoxyla	clamoxyl	1
clamoxyol	clamoxyl	1
clarithrommycine	clarithromycine	1
claritromycine	clarithromycine	1
clarityine	clarityne	1
clarythromycine	clarithromycine	1
clements	elements	0
clindamcyine	clindamycine	1
clobetazol	clobetasol	1
clonid	clomid	0
clopidoggrel	clopidogrel	1
clostridum	clostridium	1
clostrifium	clostridium	0
clottafct	clottafact	0
clynomel	cynomel	0
coapprovel	coaprovel	1
coaprovol	coaprovel	1
cochicine	colchicine	1
cochin	cochon	0
codee	iodee	0
codeinea	codeine	1
codifiee	modifiee	0
codolipranes	codoliprane	1
codon	codion	0
coedeine	codeine	1
coene	chene	0
colchichine	colchicine	1
colcimax	colchimax	1
colhicine	colchicine	1
colimyxine	colimycine	1
coline	choline	0
colique	cholique	0
collure	collyre	0
colly	collu	0
colopreg	colopeg	1
coloree	colore	0
colorees	coloree	0
colot	colon	0
colportophine	colpotrophine	1
colre	colore	0
colson	colon	0
colymycine	colimycine	1
colyre	collyre	1
comba	combi	0
combs	combi	0
comby	combi	0
commensal	compensal	0
complee	complexe	0
compleme	complexe	0
compote	compose	0
conan	nonan	0
conchon	cochon	0
condrosulf	chondrosulf	1
confre	contre	0
conjoncctivite	conjonctivite	1
contin	continu	0
continuee	continue	0
continus	continu	0
contol	control	0
contole	controle	0
contr	contre	0
contration	contrathion	0
contrle	controle	0
contro	control	0
controlea	controle	0
coquelucedal	coquelusedal	1
coraline	coramine	0
corancyl	cortancyl	1
corotrop	corotrope	1
corset	norset	0
cortancil	cortancyl	1
corversyl	coversyl	1
cosoptx	cosopt	1
chenes	chene	1
combo	combi	0
conrtole	controle	1
cospot	cosopt	1
costine	cystine	0
cotancyl	cortancyl	1
cotiatec	cotriatec	1
cotre	contre	0
cotrole	controle	1
cougard	corgard	0
couleau	bouleau	0
coulon	colon	0
coumadne	coumadine	1
cozopt	cosopt	1
cpres	pres	0
cremer	creme	0
cremes	creme	1
crenn	creon	0
crista	cristal	0
crystal	cristal	0
cteur	coeur	0
cubicine	cubicin	1
cuivree	cuivre	1
culure	culture	1
curacnee	curacne	1
cutanees	cutanee	1
cutaneo	cutanee	0
cuttanee	cutanee	1
cutanes	cutanee	0
cyclosporine	ciclosporine	1
cystite	cystine	0
cytalopram	citalopram	1
cytatabine	cytarabine	1
dabilify	abilify	1
daciclovir	aciclovir	1
dacryserum	dacryoserum	1
dactarin	daktarin	1
daction	action	1
dactiskenan	actiskenan	1
dactivite	activite	1
dacupan	acupan	1
dadenosine	adenosine	1
dadrenaline	adrenaline	1
dafalfan	dafalgan	1
dailly	daily	0
daivobex	daivonex	1
dakir	dakin	0
dalacin	dalacine	1
dalanine	alanine	0
dalbumine	albumine	1
dalcool	alcool	1
daldactone	aldactone	1
dalginate	alginate	1
dallergie	allergie	1
dametycine	ametycine	1
damoxicilline	amoxicilline	1
damycor	amycor	1
dandrocur	androcur	1
dandrotardyl	androtardyl	1
danexate	anexate	1
danis	anis	0
dapranax	apranax	1
daprovel	aprovel	1
daranesp	aranesp	1
dargent	argent	1
darmo	dermo	1
dasparaginase	asparaginase	1
datarax	atarax	1
daugmentin	augmentin	1
daunorubicile	daunorubicine	1
davastin	avastin	1
davlocardyl	avlocardyl	1
dazacitidine	azacitidine	1
dazathioprine	azathioprine	1
dazote	azote	1
dcoteur	docteur	1
ddebridat	debridat	1
ddiane	diane	1
debbridat	debridat	1
debritdat	debridat	1
decodin	dicodin	0
dedex	edex	1
deductyl	eductyl	1
deflux	reflux	0
delements	elements	1
damlor	amlor	0
danafranil	anafranil	1
danin	dakin	0
datenolol	atenolol	1
delobel	desobel	0
deman	decan	0
demidose	delidose	0
demploi	emploi	0
denantone	enantone	1
denbrel	enbrel	1
dencephalite	encephalite	1
dendoxan	endoxan	1
dennie	rennie	0
dentee	dentex	0
depamine	depamide	1
depan	decan	0
derbe	herbe	0
derme	dermo	0
deroxate	deroxat	1
deslopratadine	desloratadine	1
desloraladine	desloratadine	1
desport	dysport	0
detat	etat	1
deter	peter	0
deticne	deticene	1
devan	decan	0
devbridat	debridat	1
dexambuthol	dexambutol	1
dexamethazone	dexamethasone	1
dexamethosone	dexamethasone	1
dexelon	exelon	1
dexjade	exjade	1
dexomethasone	dexamethasone	1
dhelicobacter	helicobacter	1
dhemi	hemi	1
dhepatite	hepatite	1
dhepato	hepato	1
dhexatrione	hexatrione	1
dhormone	hormone	1
dhuile	huile	1
dhumalog	humalog	1
dhydrocortancyl	hydrocortancyl	1
dhydrocortisone	hydrocortisone	1
diabere	diabene	0
diabetique	diacetique	0
diabte	diable	0
dialysee	dialyse	1
diana	diane	0
diavobet	daivobet	1
diaye	diane	0
dibuprofene	ibuprofene	1
diclofenax	diclofenac	1
diene	diane	0
diffi	diffu	0
digoxyne	digoxine	1
dimmunoglobuline	immunoglobuline	1
dimovane	imovane	1
dinductos	inductos	1
dinexium	inexium	1
dinfanrix	infanrix	1
dinhalation	inhalation	1
dinhibiteur	inhibiteur	1
dinnohep	innohep	1
dinoprotone	dinoprostone	1
dinsuline	insuline	1
diode	iode	1
dione	diane	0
dipropan	ditropan	1
diris	iris	0
discus	diskus	0
disku	diskus	1
disoprolol	bisoprolol	0
disoptine	isoptine	1
disqueuse	visqueuse	0
disuprel	isuprel	1
doceur	docteur	0
docteeur	docteur	1
docteurr	docteur	1
docteut	docteur	1
docteuur	docteur	1
doctteur	docteur	1
doctur	docteur	1
dodin	zodin	0
doflocet	oflocet	1
dogoxine	digoxine	1
dolie	doli	0
doliprande	doliprane	1
doliprrane	doliprane	1
doliptane	doliprane	1
dolpprane	doliprane	1
donorubicine	doxorubicine	1
doocteur	docteur	1
doramorph	oramorph	1
dorbenine	orbenine	1
dorogesic	durogesic	1
dorozamudol	orozamudol	1
dostilnex	dostinex	1
doucet	douce	0
douteur	docteur	0
douve	douce	0
douwe	douce	1
doxapine	doxepine	1
doxcycycline	doxycycline	1
doxicycline	doxycycline	1
doxycylcline	doxycycline	1
doxycyline	doxycycline	1
doxygene	oxygene	1
doxynorm	oxynorm	1
drains	grains	0
drane	diane	1
driane	diane	0
dtpca	dtpa	0
dulcilarme	dulcilarmes	1
dumalog	humalog	0
duoplpavin	duoplavin	1
dusage	usage	1
dutrogestan	utrogestan	1
duvedose	uvedose	1
ecreme	creme	0
ecris	ceris	0
ectazide	ecazide	1
dheparine	heparine	1
doxycicline	doxycycline	1
desonde	desonide	0
dromera	drosera	0
ection	action	0
edical	medical	0
edison	ediston	0
eductyla	eductyl	1
eenfants	enfants	1
eferalgan	efferalgan	1
effavirenz	efavirenz	1
effedem	effederm	1
efferalan	efferalgan	1
effortyl	effortil	1
eflexor	effexor	1
electrolyses	electrolytes	0
eleemnts	elements	1
elemennts	elements	1
elene	eleve	0
eliane	meliane	0
elicard	eligard	0
eligar	eligard	1
elinor	elisor	0
elise	elase	0
elizor	elisor	0
ellea	eylea	0
elments	elements	1
eloda	xeloda	0
elseve	eleve	0
embrel	enbrel	1
ement	emend	0
emeraude	emerade	0
emere	mere	0
emerit	temerit	0
emery	egery	0
emine	hemine	0
enanthone	enantone	1
encephaliite	encephalite	1
encephalites	encephalite	1
enfats	enfants	1
eosino	eosine	0
eostradiol	estradiol	1
equide	equine	0
equin	equine	0
erick	prick	0
ertapeneme	ertapenem	1
ertapenme	ertapenem	1
erwiniase	erwinase	1
erythrocyne	erythrocine	1
erythromicine	erythromycine	1
erytrocine	erythrocine	1
erytromycine	erythromycine	1
esidrix	esidrex	1
esitrex	esidrex	1
espces	especes	1
esther	ether	0
etambutol	ethambutol	1
etaot	etat	0
etatt	etat	1
etesse	ketesse	0
ethylo	ethyl	0
ethylique	ethyliques	1
ethylphenidate	methylphenidate	0
etrat	etat	0
etravirin	etravirine	1
eukreas	eucreas	1
eupressy	eupressyl	1
euratesim	eurartesim	1
eurofac	euronac	0
eurona	euronac	0
eurpessyl	eupressyl	1
evera	evra	0
exajde	exjade	1
exasyl	exacyl	1
exium	nexium	1
exocrine	exocine	0
exomuq	exomuc	1
explanon	nexplanon	1
exteerne	externe	1
extene	externe	1
extrne	externe	1
eysine	eosine	0
ezetimib	ezetimibe	1
brile	bile	0
facteu	facteur	1
falgyl	flagyl	1
faridak	farydak	1
fartane	factane	0
faturtec	fasturtec	1
fayant	ayant	0
feger	leger	0
feron	fero	0
ferrostrabne	ferrostrane	1
feuillet	feuille	0
fevre	fievre	0
fibrinogenes	fibrinogene	1
fibrinogne	fibrinogene	1
fibrnogene	fibrinogene	1
fiebre	fievre	1
fievres	fievre	1
figolimod	fingolimod	1
fiivre	fievre	1
filleul	tilleul	0
finasterine	finasteride	1
finosteride	finasteride	1
finsasteride	finasteride	1
firazir	firazyr	1
firdaps	firdapse	1
fivre	fievre	0
flagil	flagyl	1
flagy	flagyl	0
flamazine	flammazine	1
flannid	flanid	1
flecane	flecaine	1
fleurin	fleurie	0
flixotid	flixotide	1
flogyl	flagyl	1
floique	folique	1
florie	floride	0
florine	floride	0
floro	fluoro	0
flour	fluor	0
fluconazol	fluconazole	1
fluctiform	flutiform	1
flucytozine	flucytosine	1
fluimicil	fluimucil	1
fluindone	fluindione	1
fluitiform	flutiform	1
flumucil	fluimucil	1
fluoxetie	fluoxetine	1
flutiforme	flutiform	1
fluvernal	fluvermal	1
focus	fucus	0
folax	forlax	0
foldine	boldine	0
folio	polio	0
follicule	folliculo	0
foree	forene	0
foritec	fozitec	1
forlaxa	forlax	1
formula	formule	1
forscarnet	foscarnet	1
forster	forsteo	0
fortzar	fortzaar	1
fouche	souche	0
fracheur	fraicheur	1
fraises	fraise	1
fraisse	fraise	0
fraize	fraise	1
framboisee	framboise	1
frange	orange	0
fraxodie	fraxodi	1
frenes	frene	1
freny	frene	0
frete	frene	0
friction	fraction	0
frion	urion	0
fudrocortisone	fludrocortisone	1
fungisone	fungizone	1
fungyzone	fungizone	1
fusidine	fucidine	1
fusosemide	furosemide	1
fuxcidine	fucidine	1
fviii	viii	0
gabapantine	gabapentine	1
gadolinum	gadolinium	1
galactase	galactane	0
galea	galega	0
galera	galega	1
galeva	galega	1
galium	valium	0
galli	alli	0
gammanorb	gammanorm	0
gammas	gamma	1
ganille	vanille	0
garres	garrus	0
flecain	flecaine	1
gasto	gastro	1
gastre	gastro	0
gastrograffine	gastrografine	1
gaule	saule	0
gaume	baume	0
gautron	gutron	0
gaviscona	gaviscon	1
gavsicon	gaviscon	1
gayant	ayant	0
gelos	gelox	0
gelot	gelox	0
gemme	gomme	0
gemox	gelox	0
gemtamicine	gentamicine	1
genin	venin	0
gensac	genac	0
gentamicyne	gentamicine	1
gentamincine	gentamicine	1
germes	germee	0
gielnya	gilenya	1
gilenyaa	gilenya	1
ginger	ringer	0
ginko	ginkgo	1
girus	virus	0
glucan	gluscan	0
glucopage	glucophage	1
glucosee	glucose	1
glyce	glyco	0
glycerole	glycerol	1
glycines	glycine	1
gmere	mere	1
godin	zodin	0
gonale	gonal	1
gonon	gonnon	0
gorges	gorge	1
gouge	rouge	0
gouutes	gouttes	1
graisses	graisse	1
grandet	grande	0
granger	oranger	0
granion	granions	1
granocytes	granocyte	1
graphie	graphite	0
grays	gras	0
grill	drill	0
grippex	grippe	0
groue	groupe	0
groupee	groupe	1
gruppes	grappes	1
gsous	sous	1
guary	guar	0
guele	guepe	1
guepes	guepe	1
gueye	guepe	0
gutton	gutron	0
haemophilius	haemophilus	1
halfen	halfan	0
hamlor	amlor	1
hammamelis	hamamelis	1
hamonet	harmonet	0
haude	houde	0
hegar	hegor	0
hegbe	herbe	0
helicobacters	helicobacter	1
heman	hema	1
hemar	hema	0
hemara	femara	0
hemigonxine	hemigoxine	1
hemis	hemi	0
hemoclav	hemoclar	0
hemophilus	haemophilus	1
henfants	enfants	1
henin	venin	0
hepat	hept	0
hepatb	hepato	0
hepatine	hepatite	0
hepatites	hepatite	1
heptatite	hepatite	1
heral	hexal	0
herapie	therapie	1
herceptine	herceptin	1
hermine	hemine	0
herpe	herbe	0
heude	houde	0
histamino	histamine	0
hoang	hong	0
horax	borax	1
hormones	hormone	1
houda	houde	0
houede	houde	0
houry	soury	0
houze	houde	0
hulie	huile	1
humallog	humalog	1
humoral	humoxal	0
hydocortisone	hydrocortisone	1
hydra	hydrea	0
hydrocortisole	hydrocortisone	1
hydrosole	hydrosol	1
hytacard	hytacand	1
hyzar	hyzaar	1
hyzentra	hizentra	1
hyzzar	hyzaar	1
ibnsuline	insuline	1
ibuprfene	ibuprofene	1
ibuprofne	ibuprofene	1
idrac	idarac	0
idris	iris	0
ifosfamine	ifosfamide	1
ihnalation	inhalation	1
ileomedine	ilomedine	1
illoprost	iloprost	1
imipeneme	imipenem	1
immodium	imodium	1
immunoglobulines	immunoglobuline	1
immurel	imurel	1
imonvane	imovane	1
inalation	inhalation	1
inasal	nasal	0
inciso	incivo	0
incluse	incruse	0
indapamine	indapamide	1
inexiium	inexium	1
inexiuma	inexium	1
infantrix	infanrix	1
infarix	infanrix	1
infer	inofer	1
influenaze	influenzae	1
influenza	influenzae	1
inhalee	inhaler	1
inhaleur	inhaler	0
inipom	inipomp	1
innhohep	innohep	1
inohep	innohep	1
inomine	inosine	0
inrde	inde	1
insoniazide	isoniazide	1
insulino	insuline	0
intralipides	intralipide	1
intrasit	intrait	0
intron	introna	0
iodee	iode	1
iodurie	iodure	0
iolde	iode	1
ipilumumab	ipilimumab	1
ipratopium	ipratropium	1
iques	tiques	0
hydrochlorothizide	hydrochlorothiazide	1
irene	frene	0
isilox	izilox	1
isiprinosine	isoprinosine	1
ismig	isimig	1
isofundinea	isofundine	1
isoniaside	isoniazide	1
isoniaziade	isoniazide	1
isotretinoide	isotretinoine	1
isotretinone	isotretinoine	1
isurpel	isuprel	1
itamine	vitamine	1
izalji	izalgi	1
izoniazide	isoniazide	1
jacmine	jasmine	1
jafeine	cafeine	0
jamet	ramet	0
janis	anis	0
jarne	jaune	0
jasmin	jasmine	0
jasminel	jasmine	0
jasminell	jasminelle	1
jaume	jaune	0
javene	savene	0
jayant	ayant	0
jjour	jour	1
joour	jour	1
josacyne	josacine	1
josamine	josacine	1
jouur	jour	1
jouvencel	jouvence	0
kadim	tadim	0
kalitra	kaletra	1
kappra	keppra	1
kardegica	kardegic	1
kayhexalate	kayexalate	1
kecir	mecir	0
keepra	keppra	1
kenakort	kenacort	1
kenan	skenan	0
keppa	keppra	1
kesgin	kestin	1
kestimlyo	kestinlyo	1
kestrel	ketrel	1
ketoderme	ketoderm	1
ketoprofne	ketoprofene	1
ketroprofene	ketoprofene	1
kkeppra	keppra	1
kollen	pollen	1
ktoprofene	ketoprofene	1
kwong	kong	0
labbe	abbe	0
labeille	abeille	0
labilify	abilify	1
lacate	lactate	1
lacetylcholine	acetylcholine	1
lacide	acide	1
laclotine	aclotine	1
lacne	laine	1
lacrygel	lacrigel	1
lactates	lactate	1
lactee	actee	0
lacth	acth	1
laction	action	1
lactivite	activite	1
lactonel	actonel	1
lacupan	acupan	1
ladalate	adalate	1
ladenuric	adenuric	1
lados	laos	0
ladrenaline	adrenaline	1
ladvil	advil	1
laider	laiter	0
laile	laine	0
laily	daily	0
laina	laine	0
laire	laine	0
laisilix	lasilix	1
laitre	laiter	0
lalande	lavande	0
lalbumine	albumine	1
lalcool	alcool	1
laldactazine	aldactazine	1
laldactone	aldactone	1
lalfatil	alfatil	1
laline	laine	0
lallopurinol	allopurinol	1
lalma	alma	1
lalpha	alpha	1
lamamine	lamaline	1
lamande	lavande	0
lames	larmes	0
lamikacine	amikacine	1
lamine	laine	0
lamividine	lamivudine	1
lamlor	amlor	1
lamortigine	lamotrigine	1
lamotrignie	lamotrigine	1
lamoxicilline	amoxicilline	1
lanafranil	anafranil	1
lancelle	lanceole	0
landrocur	androcur	1
landrotardyl	androtardyl	1
lanexate	anexate	1
langoiran	langoran	0
lanne	laine	0
lanos	laos	0
lansol	lansoyl	0
lansopprazole	lansoprazole	1
lanter	laiter	0
lanti	anti	0
lantibio	antibio	1
lantithrombine	antithrombine	1
lanus	lantus	0
lapokinon	apokinon	1
laprovel	aprovel	1
laracytine	aracytine	1
larascorbine	laroscorbine	1
largactyl	largactil	1
largatil	largactil	1
laricept	aricept	1
larmee	larmes	0
laroxil	laroxyl	1
lartique	lactique	0
lasalix	lasilix	1
laslix	lasilix	1
lasparaginase	asparaginase	1
laspegic	aspegic	1
laspirine	aspirine	1
lassis	cassis	0
latacand	atacand	1
latarax	atarax	1
latazanavir	atazanavir	1
latenolol	atenolol	1
latente	patente	0
later	laiter	0
latropine	atropine	1
lattique	lactique	0
laugmentin	augmentin	1
laurine	taurine	0
lavance	lavande	0
lavandes	lavande	1
lavements	lavement	1
lavis	lanvis	0
lavlocardyl	avlocardyl	1
lavocat	avocat	1
lavodart	avodart	1
lavoine	avoine	1
laxapac	loxapac	1
laxepim	axepim	1
layne	laine	0
lazilect	azilect	1
lectin	lectil	0
ledex	edex	1
ledrogyl	dedrogyl	1
leductyl	eductyl	1
ledure	levure	0
leeleo	leeloo	0
leelou	leeloo	0
lefferalgan	efferalgan	1
leffexor	effexor	1
lefient	efient	1
legre	leger	0
lenalapril	enalapril	1
lenbrel	enbrel	1
lendoxan	endoxan	1
lentocort	entocort	1
lentus	lantus	1
lepitomax	epitomax	1
lepticure	lepticur	1
leptospire	leptospira	1
lerbitux	erbitux	1
lercarnidipine	lercanidipine	1
lerythromycine	erythromycine	1
lescop	lescol	0
lescos	lescol	0
lesidrex	esidrex	1
lesmeron	esmeron	1
lestradiol	estradiol	1
letard	retard	0
letat	etat	1
lethambutol	ethambutol	1
letoposide	etoposide	1
letrozol	letrozole	1
levbothyrox	levothyrox	1
levimir	levemir	1
leviothyrox	levothyrox	1
levitiracetam	levetiracetam	1
levocarnyl	levocarnil	1
levofloxacinee	levofloxacine	1
levomir	levemir	1
levosimandan	levosimendan	1
levothryox	levothyrox	1
levothyox	levothyrox	1
levoyhyrox	levothyrox	1
levures	levure	1
lexelon	exelon	1
lexjade	exjade	1
lezer	leger	0
lezetrol	ezetrol	1
lhaemophilus	haemophilus	1
lhaldol	haldol	1
lheparine	heparine	1
lhepatite	hepatite	1
lhepato	hepato	1
lhormone	hormone	1
lhuile	huile	1
lhumalog	humalog	1
lhumira	humira	1
lhydrea	hydrea	1
lhydrocortisone	hydrocortisone	1
lhyperium	hyperium	1
lhyzaar	hyzaar	1
libman	liban	0
libuprofene	ibuprofene	1
lideal	ludeal	0
lidee	lidene	0
liguro	lipuro	0
limepiride	glimepiride	1
limovane	imovane	1
limurel	imurel	1
linde	inde	1
lindocid	indocid	1
linegy	inegy	1
linexium	inexium	1
linezolid	linezolide	1
linhibiteur	inhibiteur	1
linnohep	innohep	1
linox	kinox	0
linsulatard	insulatard	1
linsuline	insuline	1
linterferon	interferon	1
liode	iode	1
lipantyl	lipanthyl	1
lipid	lipide	1
lipide	lipidem	0
lipilimumab	ipilimumab	1
lique	tique	0
liris	iris	1
lisentress	isentress	1
lisodren	lysodren	1
lisoniazide	isoniazide	1
lisopaine	lysopaine	1
lisoptine	isoptine	1
lisuprel	isuprel	1
lithiuml	lithium	1
litihum	lithium	1
lixprim	ixprim	1
loctamide	noctamide	1
loctreoscan	octreoscan	1
lodoze	lodoz	1
loflocet	oflocet	1
lomeprazole	omeprazole	1
loncovin	oncovin	1
longas	longa	0
longg	longa	0
longy	longa	0
loracilline	oracilline	1
loramorph	oramorph	1
lorbenine	orbenine	1
lorene	forene	0
lorge	orge	1
lormayc	loramyc	1
loroken	oroken	1
louve	flouve	0
lovalulo	lovavulo	1
lovenx	lovenox	1
lovothyroxine	levothyroxine	1
loxacilline	oxacilline	1
loxan	zoxan	0
loxapax	loxapac	1
loxygene	oxygene	1
loxynorm	oxynorm	1
lozapac	loxapac	1
lozartan	losartan	1
lozinan	nozinan	1
lucon	flucon	0
lumiderm	lamiderm	0
lumire	lumirem	0
lumires	lumirem	0
lumuline	umuline	1
lurbanyl	urbanyl	1
luree	uree	1
lusage	usage	1
lutenil	lutenyl	1
lutrogestan	utrogestan	1
luvedose	uvedose	1
luvesterol	uvesterol	1
lymphocytes	lymphocyte	1
lyophilis	lyophilise	1
lypanthyl	lipanthyl	1
lysiane	lysine	0
lytak	litak	1
lyzanxia	lysanxia	1
mabhera	mabthera	1
mabhtera	mabthera	1
mabtera	mabthera	1
mache	ache	0
magna	magne	0
maily	daily	0
maino	amino	0
maite	mate	0
malais	marais	0
maleran	myleran	0
malet	malt	0
maline	valine	0
malocid	malocide	1
malot	malt	0
malto	malt	1
mamie	marie	0
manea	zanea	0
manique	malique	0
manitol	mannitol	1
manos	panos	1
marans	marais	0
marcrogol	macrogol	1
mardon	marron	0
margo	marga	0
mariam	lariam	0
maridipine	manidipine	1
mariel	marie	0
mariem	marie	0
marien	marie	0
mariet	marie	0
marieu	marie	0
mariey	marie	0
marike	marie	0
maris	marie	0
marit	marie	0
marle	marie	0
marlon	marron	0
marmie	marie	0
marois	marais	0
maron	marron	0
maronnier	marronnier	1
marro	marron	0
marroc	marron	0
marronniers	marronnier	1
marrot	marron	0
marroy	marron	0
marta	marga	0
marwa	marga	0
maryon	marron	0
matei	mate	0
mateo	mate	0
matet	mate	0
mathe	mate	0
mathera	mabthera	0
matifen	matrifen	1
matre	mate	0
innhoep	innohep	1
laciclovir	aciclovir	1
lallergie	allergie	1
linhalation	inhalation	1
llong	lelong	0
lovenoxa	lovenox	1
matte	mate	0
maude	mauve	0
mauge	mauve	0
maule	mauve	0
maure	mauve	0
mayron	marron	0
mdedical	medical	1
mdical	medical	1
meaux	maux	0
mebre	mere	0
mecire	mecir	1
medar	medac	0
medformine	metformine	1
medial	medical	0
medialipides	medialipide	1
mediane	meliane	0
mediatensil	mediatensyl	1
mediatenyl	mediatensyl	1
medic	medac	0
medica	medical	0
medicau	medical	0
medicinale	medicinal	1
mednutriflek	mednutriflex	1
medoc	medac	0
meformine	metformine	1
megache	megace	0
megane	megace	0
mehadone	methadone	1
mehotrexate	methotrexate	1
melac	medac	0
melanose	melaxose	0
melaxonse	melaxose	1
meliani	meliane	0
meline	meliane	0
melissa	melisse	0
mellot	melilot	0
melphlan	melphalan	1
membranes	membrane	1
membrano	membrane	0
menin	venin	0
meningite	meningitec	0
meningites	meningitec	0
meningitex	meningitec	0
mephalan	melphalan	1
mercapress	lercapress	1
merce	mere	0
mercer	mercur	0
merel	mere	0
merformine	metformine	1
merge	mere	0
meriaux	merieux	0
merningitec	meningitec	1
meroneme	meronem	1
meropeneme	meropenem	1
mesos	meso	0
mestion	mestinon	0
mesur	meur	0
metfomine	metformine	1
methanol	ethanol	0
methatrexate	methotrexate	1
methionone	methionine	1
methoclopramide	metoclopramide	1
methothrexate	methotrexate	1
methrotrexate	methotrexate	1
methy	methyl	0
methyl	methyle	0
methyle	methyl	1
methylene	ethylene	0
methylne	methyle	1
methyprednisolone	methylprednisolone	1
methyr	methyl	1
metir	mecir	0
metojet	metoject	1
metonidazole	metronidazole	1
metronidazol	metronidazole	1
metrospasmyl	meteospasmyl	1
metyl	methyl	1
meyre	mere	0
meziane	meliane	0
miambutol	myambutol	1
micardius	micardis	1
micera	mircera	1
microfines	microfine	1
micropakinea	micropakine	1
mifegine	mifegyne	1
milena	mirena	0
minerve	minerva	0
miniirin	minirin	1
minpara	mimpara	1
mirela	mirena	0
miren	mirena	0
mirieu	milieu	0
mirofle	girofle	0
miropakine	micropakine	1
misanserine	mianserine	1
misoline	mysoline	1
mitelase	mytelase	1
mitosil	mitosyl	1
mitral	citral	0
mizolen	mizollen	1
moane	modane	0
modamine	modamide	1
modic	mobic	0
modifiees	modifiee	1
modigraff	modigraf	1
moisette	noisette	0
monazole	monazol	1
mondane	modane	0
mongo	mono	0
monocept	monosept	1
monod	mono	0
monoi	mono	0
monoprixo	monocrixo	0
monot	mono	0
monro	mono	0
montand	montana	0
montane	montana	0
mophine	morphine	1
morais	marais	0
morange	orange	0
morel	miorel	0
morie	morue	0
morsue	morue	0
moscotin	moscontin	1
motylium	motilium	1
moure	morue	0
moussant	moussante	0
movicl	movicol	1
movico	movicol	1
moxofloxacine	moxifloxacine	1
mucoplexie	mucoplexil	0
mucus	fucus	0
mycostatite	mycostatine	1
myfortica	myfortic	1
mylene	xylene	0
mympara	mimpara	1
mynocycline	minocycline	1
mytomycine	mitomycine	1
myzoline	mysoline	1
nacim	unacim	0
nadal	nada	0
nadau	nada	0
nadia	nada	0
nadya	nada	0
naline	valine	0
naloxine	naloxone	1
naprosye	naprosyne	1
naprosyine	naprosyne	1
naromig	naramig	1
naropene	naropeine	1
nasale	nasal	1
nasonee	nasonex	1
nayant	ayant	0
nefatif	negatif	1
nefopa	nefopam	1
negaatif	negatif	1
negaitf	negatif	1
negatf	negatif	1
negatitf	negatif	1
negativ	negatif	1
neisseris	neisseria	1
neorala	neoral	1
neroal	neoral	1
netromycine	netromicine	1
neupogene	neupogen	1
neutro	neupro	0
neven	nexen	0
nexon	nexen	0
nicolette	nicorette	0
nicopach	nicopatch	1
nicopatche	nicopatch	1
nicopatchs	nicopatch	1
nicorandyl	nicorandil	1
nicpatch	nicopatch	1
nidis	nisis	1
nimentix	nimenrix	1
nitre	titre	0
nitrite	nitrate	0
noadrenaline	noradrenaline	1
noctalon	nuctalon	1
noctamid	noctamide	1
noctamine	noctamide	1
nodion	codion	0
nohan	nonan	0
nolan	nonan	0
noonan	nonan	0
noproxene	naproxene	1
noradenaline	noradrenaline	1
nordarenaline	noradrenaline	1
noreadrenaline	noradrenaline	1
noredrenaline	noradrenaline	1
normaale	normale	1
normall	normale	0
normaln	normale	0
normizon	normison	1
norseta	norset	1
nosinan	nozinan	1
nouci	souci	0
nouge	rouge	0
methotraxate	methotrexate	1
noradreanline	noradrenaline	1
nordrenaline	noradrenaline	1
novarapid	novorapid	1
novorapide	novorapid	1
noxafyl	noxafil	1
noyade	noyada	0
nrome	arome	0
nsans	sans	1
nsous	sous	1
nucale	nucala	0
nuctelon	nuctalon	1
numetha	numetah	1
nutriyelt	nutryelt	1
nutryel	nutryelt	1
nuuit	nuit	1
octeur	docteur	1
ocytocine	oxytocine	0
oesomeprazole	esomeprazole	1
oestradiol	estradiol	0
oestrogenes	estrogenes	0
ogastono	ogastoro	1
ogive	olive	0
olaramine	polaramine	1
olfocet	oflocet	1
olilo	oligo	0
oliver	olive	0
olivet	olive	0
olivie	olive	0
ollivier	olivier	1
olocet	oflocet	1
ombrez	onbrez	1
ompeprazole	omeprazole	1
onbre	onbrez	1
breezholer	breezhaler	1
onconvin	oncovin	1
ondancetron	ondansetron	1
ontrole	controle	1
ophtin	ophtim	1
optim	ophtim	0
optimisette	optimizette	1
oracillinea	oracilline	1
oramoph	oramorph	1
oramoprh	oramorph	1
orancia	orencia	1
orangee	orange	1
ordaz	nordaz	0
oreillon	oreillons	1
orion	urion	0
ormale	normale	0
oromorph	oramorph	1
ororcal	orocal	1
orozamudal	orozamudol	1
orozmudol	orozamudol	1
ortiz	ortie	0
osage	usage	0
otavirus	rotavirus	1
otype	type	1
ouche	souche	0
oxalyplatine	oxaliplatine	1
oxycotin	oxycontin	1
oxygenee	oxygene	1
oxygenes	oxygene	1
oxygeno	oxygene	0
oxygne	oxygene	1
oxynomoro	oxynormoro	1
oxynormo	oxynorm	1
pacreas	pancreas	1
pacth	acth	0
paiente	patente	1
palmer	palmier	0
pamidronat	pamidronate	1
panajol	panadol	0
pancreatite	pancreatine	0
pancreeas	pancreas	1
panrtoprazole	pantoprazole	1
pantopprazole	pantoprazole	1
panus	panos	0
papillaire	capillaire	0
papin	sapin	0
tamol	taxol	0
paracatamol	paracetamol	1
paracertamol	paracetamol	1
paracetamaol	paracetamol	1
paracetamo	paracetamol	1
paracetamole	paracetamol	1
paractamol	paracetamol	1
parasitose	parasidose	0
parat	para	0
parcetamol	paracetamol	1
pares	pres	0
paret	pret	0
parfalgan	perfalgan	1
parieto	pariet	0
parodex	paroex	1
parox	paroex	0
paroxetide	paroxetine	1
paroxitine	paroxetine	1
parra	para	0
parret	pariet	0
parvastatine	pravastatine	1
pastille	pastilles	0
patinte	patente	0
paule	saule	0
paumier	palmier	0
pecan	decan	0
pectinee	pectine	1
pedatrique	pediatrique	1
pedia	pedea	0
pediatique	pediatrique	1
pediatriaque	pediatrique	1
pediatriques	pediatrique	1
pegabaline	pregabaline	1
peindopril	perindopril	1
peleve	eleve	0
pellegrin	pellegrino	0
peltzer	seltzer	0
pemixon	permixon	1
pemprolizumab	pembrolizumab	1
peniciline	penicilline	1
penicillines	penicilline	1
penicillino	penicilline	0
penin	venin	0
pentase	pentasa	1
perceta	perjeta	1
peret	pret	0
perine	serine	0
peritoneal	peritoneale	1
peritoneales	peritoneale	1
peron	perou	0
perop	perou	0
peros	perou	0
perot	perou	0
peroua	perou	0
peroy	perou	0
perus	berus	0
petar	peter	0
petel	peter	0
petzer	peter	1
peumo	pneumo	1
peyron	veyron	0
peyrou	perou	0
pheno	phenol	0
phenyl	phenol	0
phenytone	phenytoine	1
phluoroglucinol	phloroglucinol	1
phophoneuros	phosphoneuros	1
phophore	phosphore	1
phosphoneurosa	phosphoneuros	1
phosphoneurose	phosphoneuros	1
phosphosorg	phosphosorb	1
phospore	phosphore	1
physiologque	physiologique	1
picat	picato	0
piche	riche	0
picopreg	picoprep	1
pigment	piment	0
pilaris	ilaris	0
piorix	priorix	1
piour	pour	0
pipera	vipera	0
piques	tiques	0
pirilne	pirilene	1
piris	iris	0
plactique	lactique	0
plantair	plantain	0
plaqueeil	plaquenil	1
plasmatique	plasmatiques	0
plasmatiques	plasmatique	1
plavi	plavix	1
plavixa	plavix	1
plisson	poisson	0
ploux	poux	0
pnemo	pneumo	1
pneumonia	pneumoniae	1
pochon	cochon	0
pofetil	mofetil	1
polaramide	polaramine	1
poliste	polistes	1
pollens	pollen	1
pollet	pollen	0
pollex	pollen	0
neomyxine	neomycine	0
poloramine	polaramine	1
polyethylne	polyethylene	1
polyp	poly	0
polysitane	polysilane	1
polyv	poly	0
polyvitamines	polyvitamine	1
pomade	pommade	1
pomery	polery	0
poost	post	1
poret	pret	0
porge	orge	0
positi	positif	1
posson	poisson	1
postassium	potassium	1
potasium	potassium	1
poulen	pollen	0
pourr	pour	0
pours	pour	1
ppoly	poly	1
ppost	post	1
pracetamol	paracetamol	1
prantalgine	prontalgine	1
prascledine	piascledine	1
pratropium	ipratropium	1
pravastanine	pravastatine	1
pravastatinen	pravastatine	1
prednizolone	prednisolone	1
prednsione	prednisone	1
predt	pret	0
preel	prele	0
prelev	prele	0
preop	prep	0
presista	prezista	1
pretarax	preterax	1
preterx	preterax	1
pretre	prete	0
preveiscan	previscan	1
prevenanr	prevenar	1
prevenara	prevenar	1
prevenax	prevenar	1
paracetamols	paracetamol	1
piret	pret	0
prevista	prezista	1
prevnar	prevenar	1
prevscan	previscan	1
priat	prialt	0
priatt	prialt	1
price	prick	0
pricks	prick	1
priem	briem	0
primepran	primperan	1
primeran	primperan	1
princip	princi	0
prinperan	primperan	1
prion	urion	0
pritinamycine	pristinamycine	1
privigene	privigen	1
procotlog	proctolog	1
prodilandin	prodilantin	1
profenida	profenid	1
progesterones	progesterone	1
proglycem	proglicem	1
prograaf	prograf	1
prograff	prograf	1
prokinil	prokinyl	1
prola	prolia	1
prolene	proline	0
proliac	prolia	1
prolne	proline	1
prolongees	prolongee	1
promipexole	pramipexole	1
propilex	propylex	1
propylthiouracil	propylthiouracile	1
prostar	proscar	1
prostines	prostine	1
protein	proteine	1
proteino	proteine	0
proux	poux	0
provena	provera	1
provomes	provames	1
pulmicolt	pulmicort	1
pulmikort	pulmicort	1
pulmiocort	pulmicort	1
pulmozymz	pulmozyme	1
puree	uree	0
purifiee	purifies	1
pyoscacine	pyostacine	1
pyostacyne	pyostacine	1
pyostatine	pyostacine	1
pyrazinamides	pyrazinamide	1
pyrazinmide	pyrazinamide	1
pyrilene	pirilene	1
pyroxicam	piroxicam	1
pysotacine	pyostacine	1
qestin	kestin	1
quantifiee	quantifie	1
quasim	quasym	1
queziapine	quetiapine	1
quinone	quinine	0
quitaxan	quitaxon	1
rachinesthesie	rachianesthesie	1
radique	rabique	0
raffin	raffine	0
rager	rage	1
ramiprl	ramipril	1
rande	grande	0
rapifene	rapifen	1
rapin	sapin	0
ravine	racine	0
rcephine	rocephine	1
recombinante	recombinant	1
refex	remex	0
refflux	reflux	1
reflex	reflux	0
regataz	reyataz	1
rehia	revia	0
reinke	reine	0
rekia	revia	0
remicad	remicade	1
remifon	rimifon	1
renine	reine	0
repavax	repevax	1
resigne	resine	0
resinee	resine	1
resines	resine	1
restor	crestor	0
retar	retard	1
retaud	retard	0
retino	retinol	0
retorvol	restorvol	1
retra	tetra	1
revation	revatio	1
revir	revia	1
revlemid	revlimid	1
revlimide	revlimid	1
revlmid	revlimid	1
revolad	revolade	1
rhinov	rhino	0
rhode	rhone	0
ribavarine	ribavirine	1
richer	riche	0
richez	riche	0
ricuzole	riluzole	1
ridsperdal	risperdal	1
rifabultine	rifabutine	1
rifamicine	rifamycine	1
rifampycine	rifamycine	1
rifina	rifinah	1
rilmedine	rilmendine	1
riperdal	risperdal	1
rippe	grippe	0
rique	tique	0
rivoril	rivotril	1
rivotil	rivotril	1
rocagel	rocgel	1
rocatrol	rocaltrol	1
rocephin	rocephine	1
rocephyne	rocephine	1
rocepphine	rocephine	1
rochephine	rocephine	1
revlimlid	revlimid	1
rildmenidine	rilmenidine	1
rocephinea	rocephine	1
rocepine	rocephine	1
roctemra	roactemra	1
rofenid	profenid	0
roige	rouge	1
roine	reine	0
romagne	romaine	0
romane	romaine	0
ronan	nonan	0
roocephine	rocephine	1
rophylac	rhophylac	1
rosai	rosat	0
rosay	rosat	0
rosephine	rocephine	1
rosine	eosine	0
rotie	ortie	0
rouche	souche	0
roudge	rouge	0
rouger	rouge	0
rouget	rouge	0
rougie	rouge	0
roupe	groupe	0
rouye	rouge	0
rouze	rouge	0
rovalcyste	rovalcyte	1
rovalcyt	rovalcyte	1
rovamycyne	rovamycine	1
rovuvastatine	rosuvastatine	1
rozek	rozex	0
rozes	rozex	1
rrivotril	rivotril	1
rrocephine	rocephine	1
rubeose	rubeole	0
rubozing	rubozinc	1
rvotril	rivotril	1
rythmo	rythmol	0
sabin	sapin	0
sabri	sabril	0
saens	sans	0
safene	savene	0
safwan	safran	0
sagne	magne	0
sahin	sapin	0
sainz	saint	0
salazopirine	salazopyrine	1
salma	alma	0
salmonelle	salmonella	1
salou	salol	0
salumedrol	solumedrol	1
samer	amer	0
samin	sapin	0
sanns	sans	1
sanss	sans	1
santos	sanitos	0
sapene	savene	0
sapsfon	spasfon	1
sarran	safran	0
sarrete	arrete	0
sasfon	spasfon	1
saulle	saule	0
sauvaget	sauvage	0
sauze	saule	0
savane	savene	0
savere	savene	0
savin	sapin	0
scanners	scanner	1
scannner	scanner	1
scapin	sapin	0
sccanner	scanner	1
sebri	seebri	0
sechet	seche	0
secral	sectral	0
sedatifs	sedatif	1
selitrex	zelitrex	1
selmi	semi	1
semih	semi	0
senac	genac	0
sence	sene	0
senel	sene	0
senes	sene	1
senez	sene	0
sentex	dentex	0
serena	serenoa	0
seretiode	seretide	1
sereux	cereux	0
serige	serine	0
serigne	serine	0
serin	serine	0
seris	ceris	0
serite	serine	0
seropran	seropram	1
serresta	seresta	1
sevene	savene	0
sevikal	sevikar	1
seyne	sene	0
sherile	sterile	1
shone	rhone	0
sialis	cialis	0
siban	liban	0
siche	seche	0
roceephine	rocephine	1
sicre	sucre	0
sidenafil	sildenafil	1
sidex	videx	0
siflox	ciflox	0
siham	siam	0
silodocine	silodosine	1
silodys	silodyx	1
simplex	simple	0
sinemett	sinemet	1
sirine	serine	0
siron	sirop	0
sirot	sirop	0
sirup	sirop	0
skene	sene	0
sknan	skenan	1
sleve	eleve	0
smail	small	0
smokabiven	smofkabiven	1
sodee	iodee	0
soeur	coeur	0
sofian	solian	0
soius	sous	0
solan	solian	0
solary	solacy	0
solastar	solostar	1
solia	solian	0
solias	solian	0
solol	salol	0
solumedol	solumedrol	1
solumedrole	solumedrol	1
solummedrol	solumedrol	1
solumredrol	solumedrol	1
solutes	solute	0
solvant	sylvant	0
someprazole	omeprazole	1
sopin	sapin	0
sosir	josir	0
sottalol	sotalol	1
soucha	souche	0
souches	souche	0
souchet	souche	0
soues	sous	0
souge	rouge	0
soule	saule	0
soupre	soufre	0
souty	south	0
souus	sous	0
spagulag	spagulax	1
spasfona	spasfon	1
spasfons	spasfon	1
spason	spasfon	1
specia	special	0
speciafodine	speciafoldine	1
speciafoldiine	speciafoldine	1
specifoldine	speciafoldine	1
spefiafoldine	speciafoldine	1
spiden	spifen	0
spifne	spifen	0
spironolactole	spironolactone	1
spiven	spifen	0
splenium	selenium	0
spour	pour	0
spsfon	spasfon	1
spycel	sprycel	1
ssous	sous	0
stabilise	stabilisee	0
stabilisees	stabilisee	0
stablo	stablon	0
staleva	stalevo	0
stato	stago	0
stederil	stediril	1
stemi	semi	0
stendex	sterdex	0
stent	sutent	0
steriles	sterile	0
sterilet	sterile	0
sterilise	sterilisee	0
sterilises	sterilisee	0
stilmol	stimol	1
stradiol	estradiol	1
streng	spreng	0
streptoccocus	streptococcus	1
streptococus	streptococcus	1
striblid	stribild	0
strogenes	estrogenes	1
strpetococcus	streptococcus	1
stule	saule	0
sucree	sucre	0
sudreau	sureau	0
sufentanyl	sufentanil	1
suire	sucre	0
sulfarem	sulfarlem	1
suppositoires	suppositoire	0
surfac	surface	0
sutre	sucre	0
sylvaine	sylviane	0
symbalta	cymbalta	1
synachtene	synacthene	1
synacthne	synacthene	1
synbicort	symbicort	1
syntocynon	syntocinon	1
syrine	serine	0
tablon	stablon	0
tachosyl	tachosil	1
tahar	tahor	0
taketian	taketiam	1
talec	talc	0
tamoxifne	tamoxifene	1
tanaganil	tanganil	1
tapon	tampon	0
tappon	tampon	0
tardyeron	tardyferon	1
tardyfero	tardyferon	1
tareq	tareg	0
targocide	targocid	1
tarik	tamik	0
tarkan	tarka	0
tasim	tadim	0
tasseel	tisseel	0
tatdyferon	tardyferon	1
tavanik	tavanic	1
taxoter	taxotere	1
taxotre	taxotere	1
tazociline	tazocilline	1
tazocillinea	tazocilline	1
tazor	tahor	0
tazoxilline	tazocilline	1
tectra	tetra	0
tegelines	tegeline	1
tegretrol	tegretol	1
temerite	temerit	1
temsulosine	tamsulosine	1
tengesic	temgesic	1
tenon	xenon	0
tercis	tekcis	0
tesesta	temesta	1
tesmesta	temesta	1
testaten	tenstaten	1
teste	test	0
testo	test	0
testosterones	testosterone	1
tetaniques	tetanique	0
teter	peter	0
tetracyclines	tetracycline	1
tetramysal	tetralysal	1
thaiss	thais	0
theonine	threonine	1
theralne	theralene	1
therapies	therapie	0
thiocolchicosie	thiocolchicoside	1
thiopenthal	thiopental	1
thuile	huile	0
thymo	thym	0
thymoglobulines	thymoglobuline	1
thyroglobuline	thymoglobuline	1
tibur	tiber	0
ticarcillline	ticarcilline	1
tilleuls	tilleul	0
tioran	tiorfan	0
tiotrpium	tiotropium	1
tisne	tisane	0
tissees	tisseel	0
titree	titre	0
tobradexa	tobradex	1
toctina	toctino	0
tolera	tolura	0
tolore	colore	0
topalgig	topalgic	1
tophi	typhi	0
toplagic	topalgic	1
torisee	torisel	0
toudx	toux	0
touts	tout	0
toxotere	taxotere	1
tozocilline	tazocilline	1
tracller	tracleer	0
traction	fraction	0
tractocyle	tractocile	1
trage	rage	0
tramaol	tramadol	1
tranatan	travatan	0
trandolaril	trandolapril	1
transcutane	transcutanee	0
transippeg	transipeg	1
transizane	transilane	1
tranxen	tranxene	1
tranxne	tranxene	1
tremebutine	trimebutine	1
tricflucan	triflucan	1
trifulcan	triflucan	1
trilepal	trileptal	1
trimeburine	trimebutine	1
trimitrine	trinitrine	1
triorfan	tiorfan	1
trique	tique	0
trisomique	trisodique	0
trobramycine	tobramycine	1
trransipeg	transipeg	1
trriflucan	triflucan	1
truel	true	0
trumebutine	trimebutine	1
truvad	truvada	0
tvicay	tivicay	0
twynista	twynsta	0
tyrozol	thyrozol	1
tysabria	tysabri	0
uktra	ultra	0
ultralevurea	ultralevure	1
ultralevures	ultralevure	1
umalog	humalog	1
unidose	unidoses	0
unipomp	inipomp	1
uqueuse	aqueuse	0
urapidyl	urapidil	1
ureee	uree	1
ureep	uree	1
urinaires	urinaire	0
uriot	urion	0
urodec	urorec	0
uronec	urorec	0
ursodesoxycholique	ursodeoxycholique	1
ution	urion	0
uvdose	uvedose	1
uveesterol	uvesterol	1
uvesterole	uvesterol	1
vaccine	vaccin	0
valaciclovire	valaciclovir	1
valacyclovir	valaciclovir	1
valerian	valeriane	0
vales	vals	0
valgum	valium	0
valin	valine	0
vallium	valium	1
valproque	valproique	1
valstartan	valsartan	1
valum	valium	0
vancomicine	vancomycine	1
vancomycin	vancomycine	1
vancomyine	vancomycine	1
vandomycine	vancomycine	1
vanin	venin	0
variconazole	voriconazole	1
varus	virus	0
vascualire	vasculaire	1
vasculaires	vasculaire	1
vasline	vaseline	1
vectrice	vectrine	0
veinofer	venofer	1
veixol	vexol	1
velotabs	velotab	1
velten	veliten	0
vemurafemib	vemurafenib	1
vemurefenib	vemurafenib	1
venan	venin	0
vencomycine	vancomycine	1
venofert	venofer	1
venon	xenon	0
vergt	vert	0
veron	veyron	0
verset	versed	0
vertran	veratran	0
vesicales	vesicules	0
vespula	vespila	0
vianne	visanne	0
vicky	vicks	0
victozia	victoza	0
videos	ideos	0
ziagen	ziagel	0
viella	ciella	0
vigabatrin	vigabatrine	1
vigen	vigne	0
vignes	vigne	0
vigney	vigne	0
viiic	viii	0
vilaris	ilaris	0
vilrus	virus	0
vimizin	vimizim	1
vimprat	vimpat	0
vinbastine	vinblastine	1
vinpat	vimpat	0
vinristine	vincristine	1
vinscristine	vincristine	1
vipre	vipere	0
viramine	vitamine	0
virea	viread	0
vireak	viread	0
vireal	viread	0
viros	virus	0
virto	virgo	0
vistid	vistide	0
vitamin	vitamine	1
vitaminee	vitamine	1
vitamines	vitamine	1
vitamino	vitamine	0
vitamline	vitamine	0
vitamos	vitaros	0
vivelledo	vivelledot	1
vogalne	vogalene	1
voltarne	voltarene	1
volution	solution	0
vomix	omix	0
vread	viread	0
vtamine	vitamine	0
vulvaire	vulgaire	0
wanis	anis	0
weelvone	wellvone	1
wellevone	wellvone	1
weltzer	seltzer	0
welvone	wellvone	1
willbrand	willebrand	1
willebrandt	willebrand	1
wyqtamm	wystamm	0
xalacon	xalacom	1
xanac	xanax	0
xanxa	xanax	0
xaraelto	xarelto	1
xenia	xenid	0
xilocaine	xylocaine	1
xprim	ixprim	1
xylocainea	xylocaine	1
xylocane	xylocaine	1
yacine	racine	0
yanis	anis	0
yasmine	jasmine	0
zabbe	abbe	0
zaiter	laiter	0
zaldian	zaldiar	0
zaledronique	zoledronique	1
zamidip	zanidip	1
zamuldol	zamudol	1
zanel	zanea	0
zanexate	anexate	1
zanga	zanea	0
zanozar	zanosar	1
zarit	zerit	0
zarzioa	zarzio	0
zelithrex	zelitrex	1
zelitrexa	zelitrex	1
zellitrex	zelitrex	1
zetoretic	zestoretic	1
zevitrex	zelitrex	1
zgeva	xgeva	0
zinat	zinnat	1
zintel	zentel	0
zitrhomax	zithromax	1
zitromax	zithromax	1
zivoxid	zyvoxid	1
zonan	nonan	0
zonegarn	zonegran	1
zophrem	zophren	1
zophrena	zophren	1
zopiclon	zopiclone	1
zuclpenthixol	zuclopenthixol	1
zypexa	zyprexa	1
zythromax	zithromax	1
zyvocid	zyvoxid	1
zyvoxi	zyvoxid	1
zyvoxide	zyvoxid	1
zyvoxyd	zyvoxid	1